{
    "dataset_stats": {
        "num_nodes": 251,
        "num_edges": 515,
        "num_features": 1703,
        "num_classes": 5
    },
    "graph_stats": {
        "degree_stats": {
            "max_degree": 124,
            "min_degree": 3,
            "mean_degree": 5.585657370517929
        },
        "curvature_stats": {
            "first_decile": -0.47540983606558007,
            "ninth_decile": 0.25
        },
        "homophily": 0.36589545011520386
    },
    "settings": {
        "num_runs": 10,
        "hidden_channels": 32,
        "lr": 0.005,
        "weight_decay": 5e-06
    },
    "gcn_results": {
        "accuracies": [
            0.5490196347236633,
            0.5490196347236633,
            0.5098039507865906,
            0.5490196347236633,
            0.5098039507865906,
            0.5686274766921997,
            0.529411792755127,
            0.6470588445663452,
            0.5098039507865906,
            0.5686274766921997
        ],
        "mean": 0.5490196347236633,
        "std": 0.039215683937072754
    },
    "gat_results": {
        "accuracies": [
            0.5686274766921997,
            0.5490196347236633,
            0.529411792755127,
            0.5490196347236633,
            0.529411792755127,
            0.6274510025978088,
            0.529411792755127,
            0.6470588445663452,
            0.5098039507865906,
            0.5490196347236633
        ],
        "mean": 0.5588235557079315,
        "std": 0.042282073269689587
    }
}