{
    "dataset_stats": {
        "num_nodes": 251,
        "num_edges": 515,
        "num_features": 1703,
        "num_classes": 5
    },
    "graph_stats": {
        "degree_stats": {
            "max_degree": 13,
            "min_degree": 5,
            "mean_degree": 7.872509960159363
        },
        "curvature_stats": {
            "first_decile": -0.21428571428571397,
            "ninth_decile": 0.16666666666666685
        },
        "homophily": 0.7182608842849731
    },
    "settings": {
        "num_runs": 10,
        "hidden_channels": 32,
        "lr": 0.005,
        "weight_decay": 5e-06
    },
    "gcn_results": {
        "accuracies": [
            0.6470588445663452,
            0.7843137383460999,
            0.6666666865348816,
            0.686274528503418,
            0.7058823704719543,
            0.7843137383460999,
            0.6078431606292725,
            0.7058823704719543,
            0.7450980544090271,
            0.6274510025978088
        ],
        "mean": 0.6960784494876862,
        "std": 0.058331270172767576
    },
    "gat_results": {
        "accuracies": [
            0.7058823704719543,
            0.7843137383460999,
            0.6470588445663452,
            0.686274528503418,
            0.686274528503418,
            0.7843137383460999,
            0.6666666865348816,
            0.7450980544090271,
            0.7254902124404907,
            0.6470588445663452
        ],
        "mean": 0.707843154668808,
        "std": 0.04838808605409246
    }
}