{
    "dataset_stats": {
        "num_nodes": 251,
        "num_edges": 515,
        "num_features": 1703,
        "num_classes": 5
    },
    "graph_stats": {
        "degree_stats": {
            "max_degree": 12,
            "min_degree": 5,
            "mean_degree": 7.864541832669323
        },
        "curvature_stats": {
            "first_decile": -0.16666666666666674,
            "ninth_decile": 0.19999999999999996
        },
        "homophily": 0.7121300101280212
    },
    "settings": {
        "num_runs": 10,
        "hidden_channels": 32,
        "lr": 0.005,
        "weight_decay": 5e-06
    },
    "gcn_results": {
        "accuracies": [
            0.686274528503418,
            0.7843137383460999,
            0.6274510025978088,
            0.686274528503418,
            0.686274528503418,
            0.7843137383460999,
            0.6078431606292725,
            0.7254902124404907,
            0.7254902124404907,
            0.6470588445663452
        ],
        "mean": 0.6960784494876862,
        "std": 0.05699780779383682
    },
    "gat_results": {
        "accuracies": [
            0.6666666865348816,
            0.7843137383460999,
            0.686274528503418,
            0.686274528503418,
            0.7254902124404907,
            0.7843137383460999,
            0.686274528503418,
            0.7058823704719543,
            0.7058823704719543,
            0.6470588445663452
        ],
        "mean": 0.707843154668808,
        "std": 0.0433594962145842
    }
}