{
    "dataset_stats": {
        "num_nodes": 251,
        "num_edges": 515,
        "num_features": 1703,
        "num_classes": 5
    },
    "graph_stats": {
        "degree_stats": {
            "max_degree": 14,
            "min_degree": 5,
            "mean_degree": 7.824701195219124
        },
        "curvature_stats": {
            "first_decile": -0.19642857142857117,
            "ninth_decile": 0.19999999999999996
        },
        "homophily": 0.6812609434127808
    },
    "settings": {
        "num_runs": 10,
        "hidden_channels": 32,
        "lr": 0.005,
        "weight_decay": 5e-06
    },
    "gcn_results": {
        "accuracies": [
            0.6470588445663452,
            0.686274528503418,
            0.6078431606292725,
            0.7058823704719543,
            0.7058823704719543,
            0.7058823704719543,
            0.5490196347236633,
            0.686274528503418,
            0.7058823704719543,
            0.686274528503418
        ],
        "mean": 0.6686274707317352,
        "std": 0.049951915465210106
    },
    "gat_results": {
        "accuracies": [
            0.6666666865348816,
            0.686274528503418,
            0.6274510025978088,
            0.6274510025978088,
            0.686274528503418,
            0.7058823704719543,
            0.5686274766921997,
            0.686274528503418,
            0.7647058963775635,
            0.6666666865348816
        ],
        "mean": 0.6686274707317352,
        "std": 0.049951915465210106
    }
}