{
    "dataset_stats": {
        "num_nodes": 251,
        "num_edges": 515,
        "num_features": 1703,
        "num_classes": 5
    },
    "graph_stats": {
        "degree_stats": {
            "max_degree": 12,
            "min_degree": 5,
            "mean_degree": 7.8326693227091635
        },
        "curvature_stats": {
            "first_decile": -0.19642857142857117,
            "ninth_decile": 0.19999999999999996
        },
        "homophily": 0.7037900686264038
    },
    "settings": {
        "num_runs": 10,
        "hidden_channels": 32,
        "lr": 0.005,
        "weight_decay": 5e-06
    },
    "gcn_results": {
        "accuracies": [
            0.5882353186607361,
            0.6666666865348816,
            0.6078431606292725,
            0.686274528503418,
            0.6666666865348816,
            0.7058823704719543,
            0.5686274766921997,
            0.7058823704719543,
            0.686274528503418,
            0.6666666865348816
        ],
        "mean": 0.6549019813537598,
        "std": 0.04656604462459598
    },
    "gat_results": {
        "accuracies": [
            0.5882353186607361,
            0.7450980544090271,
            0.6274510025978088,
            0.7450980544090271,
            0.6470588445663452,
            0.7450980544090271,
            0.5882353186607361,
            0.7254902124404907,
            0.7058823704719543,
            0.6274510025978088
        ],
        "mean": 0.6745098233222961,
        "std": 0.06212932773897919
    }
}