{
    "dataset_stats": {
        "num_nodes": 251,
        "num_edges": 515,
        "num_features": 1703,
        "num_classes": 5
    },
    "graph_stats": {
        "degree_stats": {
            "max_degree": 12,
            "min_degree": 5,
            "mean_degree": 7.8804780876494025
        },
        "curvature_stats": {
            "first_decile": -0.20833333333333326,
            "ninth_decile": 0.19999999999999996
        },
        "homophily": 0.7151129245758057
    },
    "settings": {
        "num_runs": 10,
        "hidden_channels": 32,
        "lr": 0.005,
        "weight_decay": 5e-06
    },
    "gcn_results": {
        "accuracies": [
            0.7254902124404907,
            0.7843137383460999,
            0.686274528503418,
            0.6666666865348816,
            0.7058823704719543,
            0.7647058963775635,
            0.6274510025978088,
            0.7254902124404907,
            0.7254902124404907,
            0.6666666865348816
        ],
        "mean": 0.707843154668808,
        "std": 0.04509803652763367
    },
    "gat_results": {
        "accuracies": [
            0.7058823704719543,
            0.7843137383460999,
            0.686274528503418,
            0.7647058963775635,
            0.686274528503418,
            0.7843137383460999,
            0.6274510025978088,
            0.8235294222831726,
            0.7254902124404907,
            0.6666666865348816
        ],
        "mean": 0.7254902124404907,
        "std": 0.05882352590560913
    }
}