{
    "dataset_stats": {
        "num_nodes": 251,
        "num_edges": 515,
        "num_features": 1703,
        "num_classes": 5
    },
    "graph_stats": {
        "degree_stats": {
            "max_degree": 13,
            "min_degree": 5,
            "mean_degree": 7.816733067729084
        },
        "curvature_stats": {
            "first_decile": -0.18181818181818166,
            "ninth_decile": 0.17857142857142871
        },
        "homophily": 0.7042664885520935
    },
    "settings": {
        "num_runs": 10,
        "hidden_channels": 32,
        "lr": 0.005,
        "weight_decay": 5e-06
    },
    "gcn_results": {
        "accuracies": [
            0.686274528503418,
            0.686274528503418,
            0.6470588445663452,
            0.7058823704719543,
            0.7058823704719543,
            0.8039215803146362,
            0.5882353186607361,
            0.7254902124404907,
            0.7058823704719543,
            0.6666666865348816
        ],
        "mean": 0.6921568810939789,
        "std": 0.0526498854190674
    },
    "gat_results": {
        "accuracies": [
            0.7058823704719543,
            0.686274528503418,
            0.6666666865348816,
            0.7058823704719543,
            0.7254902124404907,
            0.7843137383460999,
            0.7254902124404907,
            0.7450980544090271,
            0.7058823704719543,
            0.7450980544090271
        ],
        "mean": 0.7196078598499298,
        "std": 0.03167743815384511
    }
}