{
    "dataset_stats": {
        "num_nodes": 251,
        "num_edges": 515,
        "num_features": 1703,
        "num_classes": 5
    },
    "graph_stats": {
        "degree_stats": {
            "max_degree": 11,
            "min_degree": 5,
            "mean_degree": 7.840637450199203
        },
        "curvature_stats": {
            "first_decile": -0.16666666666666674,
            "ninth_decile": 0.16666666666666696
        },
        "homophily": 0.7157833576202393
    },
    "settings": {
        "num_runs": 10,
        "hidden_channels": 32,
        "lr": 0.005,
        "weight_decay": 5e-06
    },
    "gcn_results": {
        "accuracies": [
            0.6666666865348816,
            0.8039215803146362,
            0.6078431606292725,
            0.7647058963775635,
            0.7058823704719543,
            0.7254902124404907,
            0.6274510025978088,
            0.7647058963775635,
            0.7254902124404907,
            0.6666666865348816
        ],
        "mean": 0.7058823704719543,
        "std": 0.06011650510993721
    },
    "gat_results": {
        "accuracies": [
            0.6078431606292725,
            0.7450980544090271,
            0.6470588445663452,
            0.7843137383460999,
            0.6666666865348816,
            0.7450980544090271,
            0.6078431606292725,
            0.7450980544090271,
            0.7254902124404907,
            0.7450980544090271
        ],
        "mean": 0.7019608020782471,
        "std": 0.06062597612656808
    }
}