{
    "dataset_stats": {
        "num_nodes": 251,
        "num_edges": 515,
        "num_features": 1703,
        "num_classes": 5
    },
    "graph_stats": {
        "degree_stats": {
            "max_degree": 13,
            "min_degree": 5,
            "mean_degree": 7.888446215139442
        },
        "curvature_stats": {
            "first_decile": -0.1964285714285714,
            "ninth_decile": 0.19999999999999996
        },
        "homophily": 0.7073453068733215
    },
    "settings": {
        "num_runs": 10,
        "hidden_channels": 32,
        "lr": 0.005,
        "weight_decay": 5e-06
    },
    "gcn_results": {
        "accuracies": [
            0.6274510025978088,
            0.7254902124404907,
            0.6470588445663452,
            0.7254902124404907,
            0.686274528503418,
            0.7254902124404907,
            0.6078431606292725,
            0.7647058963775635,
            0.7254902124404907,
            0.6666666865348816
        ],
        "mean": 0.6901960968971252,
        "std": 0.048665383946339874
    },
    "gat_results": {
        "accuracies": [
            0.6666666865348816,
            0.7254902124404907,
            0.686274528503418,
            0.7450980544090271,
            0.686274528503418,
            0.7843137383460999,
            0.6274510025978088,
            0.686274528503418,
            0.7450980544090271,
            0.686274528503418
        ],
        "mean": 0.7039215862751007,
        "std": 0.0433594962145842
    }
}